"Source:","C:\Users\Sandakahle\OneDrive - University of Cape Town\3rd Year\EEE3088F\Project\V6\PowerCircuit_V6.kicad_sch"
"Date:","2025/03/28 14:32:13"
"Tool:","Eeschema 7.0.1"
"Generator:","C:\Program Files\KiCad\7.0\bin\scripting\plugins/bom_csv_grouped_by_value.py"
"Component Count:","56"

"Collated Components:"

"Item","Qty","Reference(s)","Value","LibPart","Footprint","Datasheet","DNP","LCSC"
"1","7","C1, C2, C3, C7, C9, C10, C13","1uF","Device:C_Small","Capacitor_SMD:C_0402_1005Metric_Pad0.74x0.62mm_HandSolder","~","","C52923"
"2","2","C4, C8","2.2 uF","Device:C_Small","Capacitor_SMD:C_0402_1005Metric_Pad0.74x0.62mm_HandSolder","~https://jlcpcb.com/api/file/downloadByFileSystemAccessId/8586178550172540928","","C12530"
"3","4","C5, C12, C14, C15","10uF","Device:C_Small","Capacitor_SMD:C_0402_1005Metric_Pad0.74x0.62mm_HandSolder","~","","C15525"
"4","2","C6, C11","10nF","Device:C_Small","Capacitor_SMD:C_0402_1005Metric_Pad0.74x0.62mm_HandSolder","~https://jlcpcb.com/api/file/downloadByFileSystemAccessId/8579706770736144384","","C15195"
"5","1","D1","D_Schottky","Device:D_Schottky","Diode_SMD:D_SMA","~","","C2480"
"6","4","JP1, JP2, JP3, JP4","Jumper_2_Open","Jumper:Jumper_2_Open","Jumper:SolderJumper-2_P1.3mm_Open_TrianglePad1.0x1.5mm","~","",""
"7","1","LED1","KT-0603R","led101:KT-0603R","new_footprints:LED0603-RD","https://item.szlcsc.com/347874.html","","C2286"
"8","1","Q1","AO3401A","Transistor_FET:AO3401A","Package_TO_SOT_SMD:SOT-23","http://www.aosmd.com/pdfs/datasheet/AO3401A.pdf","","C15127"
"9","1","R1","75k","Device:R_Small_US","Resistor_SMD:R_0603_1608Metric_Pad0.98x0.95mm_HandSolder","~","","C23242"
"10","2","R2, R9","10k","Device:R_Small_US","Resistor_SMD:R_0402_1005Metric_Pad0.72x0.64mm_HandSolder","~","","C25744"
"11","1","R3","47k","Device:R_Small_US","Resistor_SMD:R_0402_1005Metric_Pad0.72x0.64mm_HandSolder","~","","C25792"
"12","4","R4, R5, R6, R7","1","Device:R_Small_US","Resistor_SMD:R_1206_3216Metric_Pad1.30x1.75mm_HandSolder","~","","C17928"
"13","1","R8","6.8k","Device:R_Small_US","Resistor_SMD:R_0805_2012Metric_Pad1.20x1.40mm_HandSolder","~","","C17772"
"14","3","R10, R11, R14","1k","Device:R_Small_US","Resistor_SMD:R_0402_1005Metric_Pad0.72x0.64mm_HandSolder","~","","C11702"
"15","1","R12","2k","Device:R_Small_US","Resistor_SMD:R_0402_1005Metric_Pad0.72x0.64mm_HandSolder","~","","C4109"
"16","1","R13","5.6k","Device:R_Small_US","Resistor_SMD:R_0805_2012Metric_Pad1.20x1.40mm_HandSolder","~","","C4382"
"17","3","TP1, TP2, TP3","TestPoint","Connector:TestPoint","TestPoint:TestPoint_Pad_1.0x1.0mm","~","",""
"18","1","TP4","5V out","Connector:TestPoint","TestPoint:TestPoint_Pad_1.0x1.0mm","~","",""
"19","1","TP5","3.3V out","Connector:TestPoint","TestPoint:TestPoint_Pad_1.0x1.0mm","~","",""
"20","1","TP6","External Load out","Connector:TestPoint","TestPoint:TestPoint_Pad_1.0x1.0mm","~","",""
"21","1","TP7","Ext load out","Connector:TestPoint","TestPoint:TestPoint_Pad_1.0x1.0mm","~","",""
"22","2","U1, U12","DRV8833PWP","sanda:DRV8833PWP","new_footprints:TSSOP-16_L5.0-W4.4-P0.65-LS6.4-BL-EP","https://item.szlcsc.com/109073.html","","C50506"
"23","1","U2","MT3608","Regulator_Switching:MT3608","Package_TO_SOT_SMD:SOT-23-6","https://www.olimex.com/Products/Breadboarding/BB-PWR-3608/resources/MT3608.pdf","","C84817"
"24","1","U3","AP2112K-3.3","Regulator_Linear:AP2112K-3.3","Package_TO_SOT_SMD:SOT-23-5","https://www.diodes.com/assets/Datasheets/AP2112.pdf","","C51118"
"25","2","U4, U5","TPS22929D","Power_Management:TPS22929D","Package_TO_SOT_SMD:SOT-23-6","http://www.ti.com/lit/ds/symlink/tps22929d.pdf","","C415177"
"26","1","U7","K3-1391B-51","Slide Switch Korean Hroparts Elec:K3-1391B-51","new_footprints:SW-TH_K3-1391B-51","https://item.szlcsc.com/93849.html?ref=editor&logined=true","","C92656"
"27","1","U8","FUC-24F11-SNLB1","FUC-24F11-SNLB1:FUC-24F11-SNLB1","new_footprints:USB-C-SMD_C67380","https://item.szlcsc.com/68475.html","","C67380"
"28","1","U9","CH224K","CH224K:CH224K","new_footprints:ESSOP-10_L4.9-W3.9-P1.0-LS6.0-TL-EP","https://item.szlcsc.com/2976729.html","","C970725"
"29","1","U10","LM7805S/TR","lm7805_low:LM7805S{slash}TR","new_footprints:TO-263-3_L8.6-W10.2-P2.54-LS14.4-BR","https://www.ti.com/cn/lit/ds/symlink/lm1117.pdf?ts=1620978284443","","C507146"
"30","1","U11","TC4056A","tc4056:TC4056A","new_footprints:ESOP-8_L4.9-W3.9-P1.27-LS6.0-BR-EP3.3","https://atta.szlcsc.com/upload/public/pdf/source/20220909/99A730BF861B4E3F85141583932B02D1.pdf","","C84051"
"31","1","U13","INA219AIDCNR","INA219AIDCNR:INA219AIDCNR","new_footprints:SOT-23-8_L3.0-W1.7-P0.65-LS2.8-BR","https://item.szlcsc.com/155588.html","","C87469"
"32","1","U14","MMBT2222A_C8512","new-npn:MMBT2222A_C8512","new_footprints:SOT-23-3_L2.9-W1.3-P1.90-LS2.4-BR","https://www.diodes.com/assets/Package-Files/SOT23.pdf","","C8512"
